course	title	lecturer	session	days	start	end	room	status
CTEC 350.170	Prin & Meth of Intru Det & Pre (7R1)	Adedoyin, Anthony	7R1	MW	16:00	18:50	108	scheduled
CTEC 350.180	Prin & Meth of Intru Det & Pre (7R2)	Adedoyin, Anthony	7R2	MW	16:00	18:50	108	scheduled
CTEC 435.170	UNIX System Administration (7R1)	Adedoyin, Anthony	7R1	MW	19:00	21:50	108	scheduled
CTEC 120.171	Prin of SecureCoding Using Jav (7R1)	Agboli, P.	7R1	MW	17:00	19:00	201/112	scheduled
CTEC 300.170	Database Achitecture (7R1)	Agboli, P.	7R1	MW	19:00	21:50	112	scheduled
CTEC 214.180	Client Operating Systs (7R2)	Baptiste, R.	7R2	TR	12:00	15:40	109	scheduled
CTEC 302.170	Computer Networking (7R1)	Baptiste, R.	7R1	TR	16:00	18:50	Dept	scheduled
CTEC 302.180	Computer Networking (7R2)	Baptiste, R.	7R2	TR	16:00	18:50	111	scheduled
CTEC 128.170	Discrete Structures - Big Data (7R1)	Bemley, Jesse	7R1	TR	12:00	14:50	Online	scheduled
CTEC 298.180	Symbolic Computation use BigDa (7R2)	Bemley, Jesse	7R2	TR	16:00	18:50	108	scheduled
CTEC 671.555	Smart Integrated Systems  (7R1)	Bemley, Jesse	7R1	TR	16:00	18:50	Online	scheduled
CTEC 711.555	IoT Capstone I (7R2)	Ruth Agada	7R2	MWF	17:00	17:00	Online	review
CTEC 720.555	Master's Thesis Research I (7R2)	Bright, Marvin	7R2	MW	19:00	21:50	Online	scheduled
CTEC 721.555	Master's Thesis Research II  (7R2)	Bright, Marvin	7R2	TR	19:00	09:50	Online	review
CTEC 424.555	Database Administration (7R2)	Carter, Adrian D.	7R2	TR	19:00	21:50	Online	scheduled
CTEC 445.170	Fund of Cryptography & Applica (7R1)	Carter, Adrian D.	7R1	MW	16:00	18:50	111	scheduled
CTEC 450.170	Case Studies in Comp Security (7R1)	Carter, Adrian D.	7R1	MW	19:00	21:50	111	scheduled
CTEC 305.170	Server Administration I (7R1)	Chery, Pierrot	7R1	TR	16:00	18:50	Dept	scheduled
CTEC 305.180	Server Administration I (7R2)	Chery, Pierrot	7R2	TR	16:00	18:50	109	scheduled
CTEC 405.170	Server Administration II (7R1)	Chery, Pierrot	7R1	TR	19:00	21:50	109	scheduled
CTEC 226.180	Intro To Db Development (7R2)	Deal, Shawn	7R2	TR	19:00	21:50	116	scheduled
CTEC 294.170	PC Architecture (7R1)	Dixon, Carl	7R1	MW	16:00	18:50	112	scheduled
CTEC 294.180	PC Architecture (7R2)	Dixon, Carl	7R2	MW	16:00	18:50	112	scheduled
CTEC 120.170	Prin of SecureCoding Using Jav (7R1)	Dr. Stone, D. B.	7R1	MW	12:00	03:15	116	review
CTEC 125.555	Intro to Python programming (7R1)	Dr. Stone, D. B.	7R1	-	-	-	Online	async
CTEC 125.556	Intro to Python programming (7R2)	Dr. Stone, D. B.	7R2	-	-	-	Online	async
CTEC 324.555	Database Appl Dev (7R2)	Dr. Stone, D. B.	7R2	MW	16:00	18:50	online	scheduled
CTEC 111.172	Cybersecurity for All (7R1)	Eugene T. Harris	7R1	TR	08:00	10:50	111	scheduled
CTEC 114.172	Comp Tools & Environ (7R1)	Eugene T. Harris	7R1	TR	16:00	18:50	114	scheduled
CTEC 475.180	Cloud Computing (7R2)	Francis, Wilbert R.	7R2	MW	19:00	21:50	114	scheduled
CTEC 111.173	Cybersecurity for All (7R1)	Henri E. Cooper	7R1	MW	16:00	18:50	Online	scheduled
CTEC 111.171	Cybersecurity for All (7R1)	Staphord Bengesi	7R1	MW	08:00	10:50	Online	scheduled
CTEC 393.555	Internet Prog II (7R2)	Lamar, Courtney	7R2	MW	16:00	18:50	Online	scheduled
CTEC 426.170	Expert Systems Using Big Data (7R1)	Miller, Stephanie R.	7R1	MW	19:00	21:50	114	scheduled
CTEC 651.555	Internet of Things of Digital Res (7R1)	Njeh, Felix	7R1	MW	16:00	18:50	Online	scheduled
CTEC 410.170	Internet Technology (7R1)	Okonofua, Henry	7R1	TR	16:00	18:50	201	scheduled
CTEC 410.180	Internet Technology (7R2)	Okonofua, Henry	7R2	TR	16:00	18:50	201	scheduled
CTEC 222.170	Linux Operating System (7R1)	Roberts, Curtis	7R1	TR	19:00	21:50	108	scheduled
CTEC 335.170	Network Protocols (TCP/IP) (7R1)	Roberts, Curtis	7R1	TR	16:00	18:50	116	scheduled
CTEC 335.180	Network Protocols (TCP/IP) (7R2)	Roberts, Curtis	7R2	TR	16:00	18:50	116	scheduled
CTEC 345.170	Found of Comp and Network Secu (7R1)	Brett Tolbert	7R1	MW	17:00	19:50	109	scheduled
CTEC 345.180	Found of Comp and Network Secu (7R2)	Brett Tolbert	7R2	MW	17:00	19:50	111	scheduled
CTEC 402.170	Software and OS Security (7R1)	Staphord Bengesi	7R1	MW	19:00	21:50	Online	scheduled
CTEC 402.180	Software and OS Security (7R2)	Ruth Agada	7R2	MW	19:00	21:50	Online	scheduled
CTEC 435.180	UNIX System Administration (7R2)	Ruth Agada	7R2	MW	19:00	21:50	108	scheduled
CTEC 445.180	Fund of Cryptography & Applica (7R2)	Staphord Bengesi	7R2	MW	16:00	18:50	109	scheduled
CTEC 450.180	Case Studies in Comp Security (7R2)	Loubna Dali	7R2	MW	19:00	21:50	111	scheduled
CTEC 111.170	Cybersecurity for All (7R1)	Loubna Dali	7R1	TR	09:00	11:50	Online	scheduled
CTEC 220.170	Adv Secure Coding Using Java (7R1)	Vega, J.	7R1	MW	11:00	13:50	114	scheduled
CTEC 220.180	Adv Secure Coding Using Java (7R2)	Vega, J.	7R2	MW	11:00	13:50	114	scheduled
CTEC 230.180	Application of Data Structures (7R2)	Vega, J.	7R2	MW	16:00	18:50	114	scheduled
CTEC 114.170	Comp Tools & Environ (7R1)	Victoria Lee	7R1	MW	16:00	18:50	116	scheduled
CTEC 128.180	Discrete Structures - Big Data (7R2)	Wilson, Marcella J.	7R2	TR	16:00	18:50	Online	scheduled
CTEC 230.170	Application of Data Structures (7R1)	Wilson, Marcella J.	7R1	TR	11:00	14:40	114	scheduled
CTEC 293.170	Edge Technology (7R1)	Wilson, Marcella J.	7R1	MW	16:00	18:50	114	scheduled
CTEC 415.180	Edge Computing (7R2)	Wilson, Marcella J.	7R2	TR	10:00	12:50	114	scheduled
