lecturer	department	office	days	available_start	available_end	weekly_minutes	block_minutes	courses
Adedoyin, Anthony	CTEC	TBD	MTWRF	09:00	17:00	120	60	CTEC 350.170;CTEC 350.180;CTEC 435.170
Agboli, P.	CTEC	TBD	MTWRF	09:00	17:00	120	60	CTEC 120.171;CTEC 300.170
Baptiste, R.	CTEC	TBD	MTWRF	09:00	17:00	120	60	CTEC 214.180;CTEC 302.170;CTEC 302.180
Bemley, Jesse	CTEC	TBD	MTWRF	09:00	17:00	120	60	CTEC 128.170;CTEC 298.180;CTEC 671.555
Brett Tolbert	CTEC	TBD	MTWRF	09:00	17:00	120	60	CTEC 345.170;CTEC 345.180
Bright, Marvin	CTEC	TBD	MTWRF	09:00	17:00	120	60	CTEC 720.555;CTEC 721.555
Carter, Adrian D.	CTEC	TBD	MTWRF	09:00	17:00	120	60	CTEC 424.555;CTEC 445.170;CTEC 450.170
Chery, Pierrot	CTEC	TBD	MTWRF	09:00	17:00	120	60	CTEC 305.170;CTEC 305.180;CTEC 405.170
Deal, Shawn	CTEC	TBD	MTWRF	09:00	17:00	120	60	CTEC 226.180
Dixon, Carl	CTEC	TBD	MTWRF	09:00	17:00	120	60	CTEC 294.170;CTEC 294.180
Dr. Stone, D. B.	CTEC	TBD	MTWRF	09:00	17:00	120	60	CTEC 120.170;CTEC 125.555;CTEC 125.556;CTEC 324.555
Eugene T. Harris	CTEC	TBD	MTWRF	09:00	17:00	120	60	CTEC 111.172;CTEC 114.172
Francis, Wilbert R.	CTEC	TBD	MTWRF	09:00	17:00	120	60	CTEC 475.180
Henri E. Cooper	CTEC	TBD	MTWRF	09:00	17:00	120	60	CTEC 111.173
Lamar, Courtney	CTEC	TBD	MTWRF	09:00	17:00	120	60	CTEC 393.555
Loubna Dali	CTEC	TBD	MTWRF	09:00	17:00	120	60	CTEC 450.180;CTEC 111.170
Miller, Stephanie R.	CTEC	TBD	MTWRF	09:00	17:00	120	60	CTEC 426.170
Njeh, Felix	CTEC	TBD	MTWRF	09:00	17:00	120	60	CTEC 651.555
Okonofua, Henry	CTEC	TBD	MTWRF	09:00	17:00	120	60	CTEC 410.170;CTEC 410.180
Roberts, Curtis	CTEC	TBD	MTWRF	09:00	17:00	120	60	CTEC 222.170;CTEC 335.170;CTEC 335.180
Ruth Agada	CTEC	TBD	MTWRF	09:00	17:00	120	60	CTEC 711.555;CTEC 402.180;CTEC 435.180
Staphord Bengesi	CTEC	TBD	MTWRF	09:00	17:00	120	60	CTEC 111.171;CTEC 402.170;CTEC 445.180
Vega, J.	CTEC	TBD	MTWRF	09:00	17:00	120	60	CTEC 220.170;CTEC 220.180;CTEC 230.180
Victoria Lee	CTEC	TBD	MTWRF	09:00	17:00	120	60	CTEC 114.170
Wilson, Marcella J.	CTEC	TBD	MTWRF	09:00	17:00	120	60	CTEC 128.180;CTEC 230.170;CTEC 293.170;CTEC 415.180
